,CG43394,numb,CG10479,CG11208,lok,Btk29A,run,apt,odd,tkv
,danr,edl,CG8147,aay,Kr,trn,prd,h,D,ImpL2
,Blimp-1,Antp,Traf4,toc,MESR3,Cyp310a1,bmm,CG14427,noc,pxb
,knrl,nub,tsh,ftz,bun,fj,dan,Nek2,CG17786,dpn
,brk,rho,eve,NetA,E(spl)m5-HLH,Ilp4,bowl,Ama,mfas,CG17724
,Mdr49,srp,Mes2,Ance,gt,rau,disco,cnc,kni,Doc3
1,134,170,133,135,174,169,206,213,132,123
2,782,783,784,2941,781,785,752,1011,714,779
3,1025,1705,2124,3039,1059,1061,1097,1743,1062,1099
4,85,53,19,88,44,50,61,89,91,162
5,1701,1167,1163,1115,1156,1196,1364,1155,1401,1055
6,1380,889,1151,1112,1375,1153,1113,1154,1185,811
7,187,226,220,259,181,185,222,189,217,184
8,114,2933,37,73,32,71,112,152,70,72
9,1255,2207,2244,1296,1142,1256,2205,1028,1294,951
10,223,185,224,3013,34,148,2957,187,226,184
11,11,16,14,18,19,20,796,25,871,872
12,1242,1201,1203,1204,1089,1199,1236,1205,1202,1238
13,1153,2949,1115,1150,1151,1155,1460,1077,1413,1416
14,2756,2798,2796,2797,2753,2754,2755,2757,2760,2719
15,222,2937,187,226,185,224,2933,13,18,20
16,2890,2894,2911,2920,2891,3003,2854,2889,2892,2896
17,1288,2944,1213,2943,874,1175,1212,1253,1250,1254
18,1149,1184,1189,1183,1186,1192,1147,1148,1185,1190
19,1112,1146,1114,1113,1154,1153,1155,1075,1116,1685
20,79,116,459,10,80,88,125,685,118,156
21,1071,1073,1112,1069,1076,1077,1108,1114,1110,1146
22,985,1364,2943,1744,1325,1669,987,1363,1667,1668
23,1442,2048,1744,1064,758,1668,1706,2050,2010,1024
24,2575,2498,2650,2533,2532,2572,2272,2574,2612,322
25,34,74,37,32,38,72,30,35,68,114
26,138,60,214,217,220,333,19,54,62,100
27,172,139,177,213,210,237,215,174,178,133
28,1059,1097,1099,489,488,1176,491,1098,1138,1367
29,2719,2756,2798,2723,2750,2759,2760,3028,2685,2722
30,1191,1226,1149,1189,1223,1228,1151,1153,1186,1192
31,972,958,968,1111,1228,3007,1010,1121,1113,1226
32,2875,2873,2876,2835,2878,2890,2828,2851,2904,2910
33,291,3009,292,172,213,249,327,328,976,251
34,2257,2378,2219,1112,1113,1147,1148,1154,2295,883
35,2937,32,36,38,66,35,68,114,22,28
36,762,648,687,724,2978,421,500,575,576,609
37,494,379,454,414,417,452,455,493,532,456
38,1177,1139,3014,1216,988,1026,1063,1140,1178,836
39,1402,909,1375,831,984,1022,1364,1025,1744,874
40,1978,2167,2548,2092,2243,2551,2586,2401,2585,1751
41,2691,679,680,719,2692,2733,645,682,684,2693
42,2593,2557,2592,2594,2641,809,1115,1153,2683,2514
43,1593,1626,1628,946,1248,1286,2989,1592,1595,1596
44,801,840,763,839,837,841,876,800,838,384
45,1106,1142,1105,1075,1104,1107,1112,1648,1649,2936
46,3008,1330,1155,1292,1323,1400,1362,1025,1361,1077
47,1054,1017,3004,1055,1321,1093,979,1053,675,1016
48,2941,1125,783,785,822,1128,781,784,919,1163
49,1735,1772,1810,1683,1695,2071,1806,778,781,1996
50,1121,1154,1157,1158,1160,1123,1125,1126,1161,1198
51,2807,2937,2586,2751,2809,2850,2999,108,2801,2635
52,37,34,74,114,72,32,38,71,107,109
53,774,805,891,892,814,775,858,859,824,883
54,308,153,229,578,437,539,197,230,231,268
55,603,187,226,646,228,607,608,644,682,605
56,32,54,34,35,68,12,111,144,108,6
57,1394,1083,1119,1120,1360,1081,1122,1156,1196,1082
58,1025,1251,1062,2356,1252,2354,988,1024,1063,1405
59,1916,1873,2060,1037,1987,2946,1884,1924,2102,1921
60,438,247,285,286,324,325,362,319,479,399
61,2654,2698,2735,2696,2770,2984,2351,2390,2732,2280
62,692,696,690,693,537,726,193,572,575,576
63,173,174,172,252,238,139,177,212,213,240
64,2188,1885,1657,2189,1576,1619,1289,1613,1615,1650
65,436,467,469,319,431,433,465,362,397,434
66,2847,2885,2968,74,2845,2880,2884,2886,2887,2888
67,1685,1686,1724,2256,2952,1683,2254,1954,1728,2173
68,2939,2836,2843,2887,2589,2626,2627,2638,2597,2636
69,1292,1291,988,1329,1330,1025,1062,1024,1063,1098
70,2679,2681,2762,2682,2720,2721,2680,2716,2691,2724
71,301,263,265,339,264,342,340,378,380,303
72,1402,1744,1098,1367,1063,1329,1405,1442,1743,1745
73,210,237,171,172,438,238,287,134,246,286
74,1245,1282,1243,1246,1321,1358,1280,1131,1167,1283
75,1668,1634,1670,1671,2011,2048,2052,1631,1632,1251
76,2557,2594,2555,2593,2600,2939,2556,2591,2635,2678
77,2693,2696,2691,2654,2732,2655,2695,2692,2698,2733
78,2779,1001,2776,1037,1032,2662,2665,2707,2744,2777
79,1020,1629,982,1323,754,1361,1324,1325,2996,1667
80,2873,2876,2867,2872,2875,2828,2864,2870,2904,2910
81,1155,1739,1153,1702,1150,1110,1077,1017,1440,1777
82,1009,1155,1156,1025,1100,731,733,770,1160,229
83,1114,977,1112,807,1115,1013,1071,1090,1110,1152
84,153,229,875,117,191,192,305,878,572,609
85,1329,1292,1025,1368,1402,1099,1291,1062,988,1059
86,1077,1110,1345,1075,1112,1116,1386,2936,1083,1120
87,91,118,116,19,46,86,92,49,53,2928
88,954,881,880,879,916,957,2213,952,956,1686
89,239,238,240,241,242,237,201,202,203,478
90,1250,910,1253,1251,1254,1215,1061,871,872,909
91,88,53,58,44,85,19,46,92,94,56
92,185,187,226,224,107,190,222,3013,106,189
93,1255,2792,2803,989,992,1028,2359,2627,2714,1218
94,1794,2318,2315,2279,2356,2316,2317,2354,2277,2278
95,722,1706,1644,1024,1871,1873,1683,3022,760,1605
96,2727,2560,2603,2640,2523,2524,2559,2562,712,2598
97,1668,1743,1631,1632,2124,1629,1634,1670,1671,1744
98,2939,2638,2597,2636,2637,2639,2678,2557,2594,2593
99,998,2330,996,961,2293,2333,2372,957,2331,995
100,1634,1668,1672,2956,2996,1631,1632,1670,1671,949
101,2649,2648,2005,2647,714,982,1020,2650,983,2609
102,1291,1213,1252,1330,1292,3014,1214,1216,1327,1253
103,1329,1330,1292,1253,1368,1099,1291,1062,988,1024
104,414,528,451,494,529,568,453,1783,415,416
105,74,114,225,150,37,73,264,300,32,38
106,1181,1149,1184,1189,1183,1186,1192,1113,1147,1148
107,46,61,164,44,58,132,134,5,88,94
108,3030,3016,608,644,1634,2088,379,1632,2989,263
109,1142,1181,1103,1141,1144,1147,1148,1065,1104,1109
110,1634,949,1291,1668,1672,2013,2956,2996,988,950
111,1077,1153,1155,1115,1150,2949,1075,1112,1116,2936
112,875,1903,1181,2206,2960,2167,2207,951,952,953
113,1252,1214,1634,874,1289,1328,1632,911,949,1291
114,172,210,237,365,403,238,213,328,207,133
115,979,1016,1054,2648,1663,2382,1625,2998,2344,2345
116,1183,2951,1411,2169,1373,1412,2171,1145,1410,2209
117,1049,1011,1042,1043,1073,1315,2949,1168,1013,1045
118,2557,2594,2593,2556,2635,2553,2592,2595,2596,2634
119,1156,1163,1164,1124,1157,1158,1116,1162,1086,2977
120,2360,2281,2359,2283,2320,2959,2243,2244,2319,2358
121,1155,1115,1196,1160,1047,1199,1236,1124,1201,1203
122,1405,1367,1783,1025,1744,1402,451,494,1668,1858
123,1091,2421,2460,1128,2420,2081,2119,1127,1092,1401
124,1181,1180,1106,1142,1218,1028,991,1104,1255,875
125,2836,1269,2714,2967,1160,1083,1587,1662,1700,1738
126,406,442,61,443,48,49,130,166,88,163
127,2989,3030,1252,1593,1630,377,608,644,1214,1634
128,645,682,684,643,683,607,680,719,949,988
129,1319,1143,1179,1335,1104,1357,1358,1103,1144,1324
130,1076,1114,1112,1073,1115,1071,1152,1077,1080,1113
131,958,1037,1040,2417,960,1007,2408,1038,962,2334
132,32,38,111,144,150,34,35,68,74,114
133,1353,1049,1319,782,1011,1050,973,1352,1317,1354
134,2658,2696,2659,2660,2693,2616,2617,2619,2657,2697
135,225,263,265,75,301,304,340,378,110,264
136,1251,1252,1253,3038,1250,1254,1290,1214,1024,986
137,1402,380,1823,1857,1859,1938,341,1481,1783,1744
138,2283,2320,2245,2244,2322,2360,2547,2550,2167,2207
139,2315,2658,2696,2316,2317,2354,2241,2278,2659,2660
140,2070,2072,2073,2340,1995,1996,121,2120,160,1777
141,682,643,607,684,603,949,642,646,988,683
142,1202,1238,1125,1201,1203,1204,1235,1269,2967,1155
143,500,474,499,505,478,475,502,550,503,549
144,975,973,901,937,900,938,939,974,669,744
145,1823,1861,1862,1824,1899,798,1859,1938,1139,1140
146,569,3016,341,607,682,684,529,567,603,640
147,1129,1128,1163,1091,2977,1162,1089,1435,1130,1164
148,2678,2597,2939,2716,2717,2759,2557,2592,2594,2595
149,749,711,1052,2941,675,2420,1360,747,748,1131
150,1292,1291,988,1329,1330,1367,1025,1252,1062,1024
151,114,71,112,37,73,76,150,2933,74,32
152,760,757,720,1025,721,758,796,1099,759,1062
153,680,645,682,683,988,643,681,719,949,987
154,2597,2636,2939,2557,2594,2634,2599,2763,2764,2802
155,1203,1204,1202,1238,1240,1236,1205,1166,1242,2967
156,988,1329,1330,1405,1406,1748,1785,1786,1292,1367
157,1292,1291,988,1329,1330,1367,1253,3038,682,684
158,1250,3030,2970,380,798,1823,1252,2943,341,1594
159,1251,1252,1290,1214,1253,3038,1250,1254,1215,909
160,709,2941,747,748,676,711,739,2565,673,677
161,1593,1630,985,2989,1592,1596,2944,2970,986,987
162,172,133,327,238,201,247,364,365,175,174
163,1706,1704,1710,1744,1668,1669,1743,1745,1746,1748
164,1252,1251,1253,1214,1213,1215,1291,1250,1254,1290
165,1558,1634,3030,1668,1672,2956,2996,1633,380,1743
166,121,161,517,160,443,442,516,123,163,3012
167,1683,567,487,488,1402,617,569,608,618,644
168,2359,2959,989,1029,1069,1067,1106,2357,802,991
169,611,572,610,538,496,533,534,457,125,229
170,3030,1252,1634,874,1632,2989,1251,1290,1557,1596
171,2875,2873,2876,2904,2835,2878,2828,2867,2872,2905
172,570,303,494,529,454,151,188,264,414,417
173,1232,1233,1205,1195,927,1153,1003,1308,1309,966
174,2593,2553,2557,2592,2594,2767,2765,2806,2515,2554
175,364,365,326,366,327,328,362,435,399,400
176,2598,2604,2485,2601,2520,2522,2523,2524,2687,2561
177,678,679,639,641,2650,2688,676,868,2499,1283
178,2644,2471,2513,2514,2598,2604,2642,2485,2512,2600
179,1139,1101,1102,988,1063,1329,1330,1098,1140,1178
180,304,147,225,227,266,111,144,150,108,76
181,38,71,75,107,109,112,37,73,110,111
182,1977,2015,1903,2053,1939,2129,2206,2244,2054,2167
183,620,1683,1697,444,516,1700,1738,1663,1776,514
184,3030,2970,1252,608,644,1594,605,1253,567,1250
185,985,986,987,988,1024,682,983,984,1025,947
186,1315,1011,1049,1319,1013,1090,1052,1280,1282,1053
187,1090,1055,1358,1053,1391,1394,1052,1661,2977,1015
188,163,204,3012,161,234,708,742,165,777,780
189,1027,1028,991,1295,1030,1293,1029,1066,1068,1067
190,675,1057,1130,1020,1055,1091,1056,1093,1009,1282
191,1571,1604,1608,1613,1533,1480,1343,1606,1609,1291
192,532,494,530,379,454,528,342,415,416,452
193,1025,1062,1077,988,1024,1063,1292,1367,1022,2949
194,1143,1282,1103,1055,1091,1700,1283,1360,1663,1084
195,1075,2936,1298,1077,1108,1106,1146,1150,1270,2949
196,1266,1227,1229,1113,1147,1148,1154,1226,1231,1268
197,1120,1159,1122,1125,1160,1082,1351,1391,1394,1083
198,556,554,589,522,445,481,482,484,517,558
199,2589,2626,2630,2585,2633,2592,2629,2631,2632,2587
200,2485,2561,2523,2524,2598,2525,2566,2600,2601,2724
201,1020,1319,982,1358,1323,1394,1361,1052,1013,3004
202,2360,2281,2408,2322,2283,2320,2247,2359,2447,2362
203,2885,2968,2922,2884,2886,2888,2902,2895,2926,2911
204,1292,1253,3038,1291,988,1329,1330,1367,1252,1025
205,1125,1049,1155,1051,239,1115,1196,1391,1394,1009
206,688,647,656,648,649,651,657,621,3023,614
207,2679,2758,2678,2681,2716,2717,2753,2754,2755,2757
208,414,2933,299,302,303,2935,380,71,75,112
209,1167,1232,1230,1854,2947,1205,1190,1191,1193,1226
210,2855,2911,2920,2864,2854,2889,2892,2914,2861,2862
211,2677,2678,2671,2675,2712,2876,2322,2676,2759,2599
212,225,303,2935,304,264,300,414,76,114,227
213,541,234,542,438,2685,2722,204,439,501,3010
214,225,263,265,304,264,300,227,266,299,302
215,1277,1278,1009,1273,1083,1279,1316,1243,1310,2967
216,2645,2687,2682,2647,2685,2722,2724,751,2964,2565
217,654,619,656,620,481,517,555,1,552,480
218,1252,1214,1253,1251,1215,1213,2943,3014,1216,874
219,1053,1052,939,1011,1049,1319,1017,1015,1280,599
220,172,207,178,244,214,173,250,438,213,245
221,1099,1125,1115,1196,1098,1153,1367,1059,1061,1063
222,259,680,298,187,189,226,646,257,223,602
223,1009,1123,1160,1810,1811,1155,1883,1199,1806,1159
224,2659,2660,2617,2619,2697,1935,1937,1972,1976,2315
225,1032,2102,1840,2182,1880,2144,2147,1838,2061,2104
226,2847,2939,2790,2791,2793,2830,2638,2915,2637,2639
227,1004,280,1303,236,274,3031,896,969,970,1002
228,341,986,2619,380,988,697,909,1292,2620,1025
229,1183,1416,1420,1154,1096,1399,1377,1379,1380,1131
230,1367,1062,1024,1059,1063,1097,2770,756,794,1021
231,1232,1230,1270,3035,1229,1190,1191,1193,1226,1231
232,38,34,74,14,32,109,16,17,37,69
233,2974,17,21,60,33,100,10,18,20,2976
234,1916,1918,2132,1873,2141,1919,2221,1877,1075,1109
235,2412,2488,2483,2291,2562,2569,2451,979,2370,2408
236,839,801,803,840,837,876,763,875,800,838
237,993,1030,1255,1753,1791,1028,1716,1751,1752,1792
238,989,1031,991,1179,1106,1902,990,1293,1029,1331
239,1444,1558,1482,1406,1743,1748,1785,1786,1823,1557
240,300,342,225,227,263,265,189,75,304,340
241,1867,2169,1681,1183,1868,1677,2209,1412,1866,1180
242,1069,1065,1104,429,1106,1142,427,430,2792,1103
243,407,446,483,544,507,549,410,408,370,445
244,1329,1330,1292,1367,1291,1405,1406,1098,1140,1178
245,2423,754,2081,2119,790,2462,2382,2383,2421,2460
246,2626,2587,2625,2635,2677,2548,2627,2719,2890,2585
247,2996,1634,1631,3038,1672,2013,2956,2429,2466,2467
248,494,455,490,492,493,532,528,489,451,529
249,1259,1218,1219,1221,1460,1103,1141,1191,1193,1222
250,1256,1028,1294,1977,2015,991,1255,1218,1142,1296
251,1739,1474,1777,1602,1640,1321,1599,1600,1626,1663
252,1215,1213,1252,1214,874,1253,1289,1328,2989,1291
253,1292,1291,988,1329,1330,1077,1025,1328,1022,1098
254,1010,1276,1277,1278,973,1005,1279,1316,1317,1354
255,2081,2119,1854,1741,1698,1738,1740,1815,1816,2194
256,1253,603,640,1291,646,1252,1292,607,608,644
257,1343,1345,1347,2567,2606,1071,1146,2523,2524,2607
258,1051,1112,1014,1015,1391,1110,1123,2222,1009,1048
259,986,1291,988,950,1292,607,682,2048,1253,1328
260,1962,1613,1742,1912,1427,1695,1732,1997,2948,882
261,2511,774,804,1070,2363,2395,999,1108,2446,2510
262,1110,2949,1075,2936,1077,1650,1921,1959,1961,1998
263,951,1229,1190,1777,993,1146,1149,1188,1189,1230
264,1291,1100,1368,2933,32,36,71,112,152,1292
265,2188,2189,2113,768,2149,731,2114,2115,2154,1202
266,658,624,657,621,654,656,696,810,889,623
267,682,643,565,607,684,603,680,642,646,3016
268,147,225,303,2935,71,75,109,112,152,304
269,2646,2964,2644,2684,2687,2682,2609,2648,2647,2685
270,1028,2207,1030,951,953,991,647,1031,764,1142
271,2767,2728,2768,2729,2730,2769,2804,2690,2806,2766
272,2048,2013,2050,2393,2930,2353,2011,2052,2389,2427
273,1965,1923,2004,2998,1962,1963,1921,1959,1961,1998
274,143,682,12,111,144,106,109,182,105,11
275,2244,2131,2205,2167,2169,2207,1939,1943,1980,2129
276,2131,2168,1903,1978,2130,2170,875,954,2167,2169
277,222,2882,2718,2790,2791,290,2802,3028,2673,2749
278,580,495,163,457,3012,534,168,363,677,164
279,747,748,824,883,728,822,922,711,700,786
280,2958,201,973,1308,1309,768,1010,205,206,731
281,1097,1099,1291,1021,1064,1368,1361,1175,1212,1253
282,2989,3030,1593,1630,1572,1634,2048,874,1632,1897
283,172,237,210,133,364,365,201,276,288,238
284,1125,172,276,478,1091,3029,312,206,213,588
285,680,949,987,645,682,984,985,683,988,947
286,1245,1282,1246,2962,1003,1243,2994,978,1169,1283
287,1077,1081,2949,1083,1043,1075,1112,1116,2936,1115
288,1025,1214,950,1139,1140,1178,1292,988,1063,1329
289,130,166,204,270,499,165,538,540,536,539
290,951,875,1181,1028,913,1903,953,991,1141,1369
291,1155,1733,1734,1772,1735,2952,1160,1771,1458,1683
292,1386,1129,1160,1084,1085,1110,1123,239,1086,1117
293,1035,2366,2369,2371,2409,2326,2327,2364,3015,1033
294,951,1028,913,953,991,687,989,992,1027,343
295,909,1074,847,2030,731,2619,848,1035,1070,1249
296,1077,1043,1047,1075,1112,2936,1045,1081,1118,1613
297,1141,1359,1395,1181,1142,1143,1397,1065,1104,1103
298,1668,1672,2956,1634,1670,1671,1444,1706,2013,1633
299,1353,1082,1391,1394,1358,1352,1390,1392,1052,1013
300,2654,2732,1291,2617,2657,2694,2389,2431,2543,2544
301,997,995,1075,2936,1150,1033,1270,959,996,993
302,2257,2299,2219,2336,2256,847,2217,2254,2259,2295
303,1221,1174,1259,994,1258,1139,1140,1178,3014,1216
304,3016,570,379,454,264,300,415,416,455,492
305,2619,2659,2660,2620,2616,2697,2694,2366,2369,2371
306,1201,1125,1163,1009,1202,1238,1162,1199,1200,1205
307,1128,1129,781,1205,1088,1127,2941,1012,3017,972
308,378,380,342,301,341,2935,263,265,494,339
309,1252,1214,1253,1291,1251,1292,1368,1175,1212,1289
310,1108,1270,1146,1228,1230,1150,1266,1269,1075,1229
311,2167,2207,1939,2206,2244,1978,2205,2169,1980,2129
312,341,380,379,454,342,377,414,417,452,340
313,1043,1047,1083,1078,1114,1319,1045,1071,1081,1090
314,1134,1136,1098,1063,1096,1442,1129,1099,1064,1101
315,682,643,680,949,646,683,607,645,684,985
316,1205,1202,1238,970,1199,1236,1242,704,1201,1203
317,2360,2359,2281,2366,2369,2371,2409,2448,2959,2243
318,1009,1083,1047,1082,1245,1273,1045,1122,1048,1049
319,1965,1923,1963,1962,1921,1959,1961,1998,2000,2149
320,1064,1291,988,1024,1063,1097,1292,985,1022,1253
321,1232,1193,1266,1228,1230,955,1034,1035,1231,1268
322,193,117,191,155,153,157,232,156,158,196
323,2592,2631,2593,2630,2551,2557,2594,2591,2633,2632
324,683,682,684,2693,2692,3038,643,642,646,2696
325,1230,1229,1190,1226,1149,1188,1189,1194,1228,1150
326,2209,2398,2323,2362,2441,2246,2990,2244,2167,2207
327,2947,1150,2980,1685,1686,1687,1724,2952,1147,1148
328,1065,1027,1142,1028,1104,1103,1141,1029,1066,1181
329,1077,1112,1116,1651,1343,1345,1117,1151,1690,1079
330,147,111,144,38,75,109,378,106,114,225
331,1213,1252,2943,1215,1292,1250,1251,1254,1290,1214
332,34,32,30,35,68,74,2937,72,24,36
333,1343,1082,1120,1122,1076,1350,1009,1353,1083,1124
334,2084,754,2385,714,982,2423,713,715,867,1019
335,2299,2338,2301,2559,1994,2036,2336,1995,2076,2597
336,273,312,237,239,276,311,238,348,58,1007
337,1253,986,1291,988,646,38,1292,1252,1593,1630
338,2256,2260,2179,2214,2215,2252,2254,2173,2218,1951
339,642,603,682,684,643,646,641,683,607,640
340,1140,1178,1861,1823,1938,1899,380,988,1063,1406
341,1028,991,1027,951,2281,2244,989,992,2243,2283
342,1668,1672,2956,1413,1644,1645,1634,1670,1671,1748
343,1077,1644,1571,1608,1873,2221,1074,1075,1112,1646
344,1367,1405,1402,1421,1744,656,1098,1708,1783,1063
345,123,84,193,85,124,155,120,122,194,164
346,1325,1288,2943,983,984,985,1022,1364,874,1253
347,1279,1316,2967,1049,1277,1278,1239,1241,1314,1009
348,1062,1063,1405,1367,1783,2952,1025,1440,1744,2090
349,335,374,450,3037,338,413,411,448,334,38
350,1153,1150,1190,1193,1075,2936,1155,1151,1111,1146
351,291,353,174,206,362,139,177,312,134,173
352,1359,1130,1183,1397,1396,1116,1192,1357,1358,1385
353,900,929,930,896,969,1012,172,247,276,972
354,121,669,671,744,1048,1049,1078,1011,1317,1354
355,133,172,139,177,174,1020,1055,201,238,252
356,1099,1098,1367,1059,1061,1063,1097,1329,1062,1060
357,1252,1292,1253,1250,1251,1291,988,1329,1330,2943
358,517,558,590,621,446,657,443,556,623,624
359,1245,172,1055,259,1011,210,133,400,237,275
360,1078,1077,1114,1119,1153,1155,1043,1075,1112,2936
361,654,656,481,517,617,3033,19,52,518,2965
362,2733,2693,2695,2689,2696,2729,2730,2734,2770,2469
363,75,150,114,225,2937,454,37,73,188,264
364,263,265,303,2935,301,340,264,342,379,225
365,2173,2172,2210,2171,2212,2213,2170,2727,2135,2175
366,1155,3008,1077,1110,1289,1115,1150,1216,1327,1364
367,1916,1873,2097,1918,1964,2099,2946,2003,1567,2141
368,1119,1190,1685,1607,1115,1150,1156,1196,1149,1188
369,1140,1178,2543,2544,2584,1101,1102,2545,1188,1026
370,1139,1140,1178,1173,1175,1212,1250,1215,1213,1252
371,76,26,414,32,36,38,66,152,340,28
372,1065,1181,1142,1028,1104,1103,1141,1027,1029,1066
373,1424,1160,1083,1387,1423,1385,1386,1388,1153,1155
374,804,633,670,599,634,600,669,705,706,597
375,2064,925,2030,955,2019,956,1032,2102,957,2062
376,640,603,605,607,608,644,682,565,667,670
377,454,414,417,452,456,494,379,453,376,415
378,437,134,206,153,312,158,401,475,506,162
379,1120,239,1159,1196,1308,1079,1081,1084,1085,1125
380,788,784,824,786,3029,783,2603,2640,826,749
381,1083,970,1006,1009,784,1045,669,744,1007,1048
382,114,38,71,75,112,37,73,76,150,2933
383,1042,1078,1115,1039,1040,1043,1075,2936,1003,734
384,1250,1213,1252,1139,1292,3014,1214,1216,1175,1212
385,766,769,262,299,302,729,264,300,607,2941
386,709,133,777,780,172,2941,212,199,238,707
387,682,684,643,988,642,646,683,1292,2938,607
388,1118,1146,1150,1153,1155,1075,1109,1112,1116,2936
389,187,189,226,151,185,188,224,300,148,225
390,1183,1153,1145,1410,1115,1150,1151,1155,1113,1154
391,2124,2088,1668,1672,2013,2956,2049,2930,1634,1670
392,749,786,3029,711,788,172,2941,784,787,819
393,1167,1230,1172,1229,1190,1226,1168,1032,1206,1071
394,682,684,842,603,643,642,646,3016,683,607
395,3030,1823,1557,1935,1937,1972,1976,1520,1558,1861
396,1250,1253,683,1292,607,645,682,1175,1212,2694
397,38,23,20,34,2937,25,14,22,28,33
398,1063,1025,1064,1101,1102,1062,1022,988,1024,1026
399,400,478,364,365,438,402,749,366,404,709
400,1025,1062,1063,1329,1098,1292,1367,1021,1023,1064
401,1169,1245,1321,2532,2573,1243,902,901,1244,938
402,1861,1899,1823,1938,1139,1140,1178,1177,1558,1862
403,769,766,239,807,844,240,241,242,501,804
404,2790,2791,2793,2830,2904,2910,2749,2828,2831,2918
405,1691,1810,1157,1158,1683,1199,1236,1806,2952,1155
406,913,763,762,647,761,2359,725,951,687,875
407,1062,988,1024,1063,760,1367,1025,2163,1023,1064
408,61,400,403,216,138,54,92,439,214,217
409,475,478,520,521,523,405,437,517,560,443
410,1201,1167,1809,1810,1771,2114,2115,1202,1238,1695
411,2953,2619,884,2620,2662,1037,2828,1130,2659,2660
412,491,492,489,148,494,529,568,146,145,190
413,1040,962,1032,925,3031,929,930,1004,969,970
414,1634,2996,949,1291,1668,1672,2013,2956,1631,1632
415,2847,2882,2885,2968,2841,2843,2845,2880,2884,2886
416,157,156,158,196,154,194,197,155,153,193
417,1516,836,1175,1212,1479,1897,1556,489,494,529
418,2147,1032,1924,2102,768,2149,1840,1887,2105,2146
419,15,38,14,54,3019,52,13,19,20,34
420,1112,1113,2516,2625,2910,1121,1080,1114,2557,2594
421,1063,1098,1140,1178,1367,1025,1064,1101,1102,1099
422,588,590,592,517,558,596,522,407,443,589
423,304,342,303,2935,225,227,263,265,266,380
424,3038,1405,2768,2943,760,1367,1025,1744,656,1364
425,158,153,155,115,191,192,156,193,270,499
426,802,801,805,840,812,808,1120,803,2597,2636
427,2243,1065,1293,764,2360,725,1104,1255,2281,1028
428,1205,1809,1203,1204,1235,2967,1236,1767,1804,1849
429,1668,1672,2013,2956,1634,1670,1671,2011,2048,2052
430,86,518,443,48,49,481,517,2928,5,39
431,2619,2620,2659,2660,2694,2616,2697,873,912,871
432,828,1167,832,1168,1169,789,829,1206,790,1172
433,1405,1406,1748,1785,1786,1783,1444,1744,1747,1824
434,1810,1811,1200,1431,1470,1735,1806,1201,1506,1803
435,1240,1203,1204,1242,1128,3017,1205,1125,1012,1202
436,249,285,286,324,209,248,1009,172,247,273
437,1205,1236,1242,1203,1204,1234,1166,1471,1159,1196
438,1229,1118,1230,1153,1155,1115,1150,1270,1072,1073
439,986,910,987,873,912,947,948,871,872,909
440,263,265,301,264,225,266,299,302,303,304
441,951,953,2207,2244,2282,2205,1028,952,991,1181
442,1083,1011,1045,1081,1049,1120,1082,1043,1047,1658
443,1255,1522,1028,1294,1333,991,1104,1257,1332,1445
444,1291,1214,1292,1252,949,1251,1253,1289,1328,682
445,1245,1738,1131,1282,1661,1699,1092,1433,1626,1663
446,2407,2447,2366,2369,2371,2409,2448,2408,2493,2367
447,341,380,31,2937,339,454,26,377,414,415
448,1253,1291,1292,1252,1214,1368,1328,1329,1330,1250
449,1012,1043,1115,1118,965,1048,1078,1042,1003,1040
450,2650,1282,1246,2532,1030,992,1283,1284,2575,1033
451,1065,1072,1027,1035,1104,1031,1073,2949,1038,1304
452,1213,1063,1329,1250,1098,1139,1292,3014,1175,1212
453,1061,1328,1025,1250,1251,1254,1290,1292,1367,1062
454,804,765,539,767,999,2370,2408,803,802,2329
455,364,365,326,366,327,362,367,400,175,215
456,529,567,528,525,526,569,606,608,644,566
457,590,481,482,517,555,554,556,518,520,557
458,2168,2131,1977,2015,2055,2130,2054,2129,2206,1029
459,3008,1360,1323,1663,1020,1091,1358,1436,1054,1361
460,709,2941,199,784,1125,783,204,205,206,749
461,709,1020,2941,1013,1049,782,1011,675,747,748
462,19,92,52,61,41,55,48,49,53,58
463,1661,1091,1662,1069,809,1623,841,843,1052,1699
464,2633,2630,2592,2629,2631,2632,2672,2593,2589,2638
465,178,223,139,177,216,187,226,184,217,228
466,686,382,689,384,685,690,693,647,696,955
467,2943,1288,1253,2694,2617,2619,1252,565,2620,608
468,1028,991,1255,1294,1977,2015,989,992,2243,1030
469,191,306,231,496,497,533,168,305,498,535
470,1218,1217,1028,1294,1219,1256,1066,1068,1331,1180
471,1153,1155,1115,1150,1151,1152,1194,1113,1119,1154
472,1001,2104,1002,1040,2182,162,1032,2102,2103,768
473,1196,1153,1385,1160,1009,1306,1123,1115,1150,1151
474,1364,1363,1059,1365,1401,1362,3038,1288,1250,1254
475,804,1343,807,1043,843,1117,1151,1071,1079,2255
476,960,998,956,997,923,955,2329,962,999,2370
477,789,1740,1049,1083,1011,1663,1702,843,889,1737
478,1887,1269,1308,1237,1274,1838,1533,1535,1880,1195
479,2605,2687,2648,2565,2643,2644,2684,2607,2604,2642
480,645,682,683,2938,718,756,643,719,722,602
481,788,1125,1163,1160,820,1419,1162,826,3029,787
482,1668,2354,1634,1670,1671,1631,1632,2353,2989,3038
483,106,110,417,645,682,147,643,105,379,454
484,1009,1353,1082,1391,1394,1013,1090,1122,1352,1360
485,1668,1670,1671,1744,1672,1706,2956,1669,988,1405
486,896,171,244,784,783,973,1010,204,245,285
487,910,871,872,909,874,908,946,1253,1250,1251
488,1226,1149,1152,1189,1194,1228,1115,1186,1192,1227
489,1555,1556,1557,3030,1824,2970,1823,1515,1591,1633
490,572,609,537,611,535,610,612,495,457,499
491,2918,2727,1024,1062,2885,2730,2734,1023,1064,1025
492,2937,2933,32,36,38,71,75,107,109,112
493,2480,2634,2481,2769,2969,2552,535,572,575,576
494,1144,1142,1145,1146,1452,1183,1065,1109,1103,1141
495,957,1452,1720,1682,1954,1683,2030,2295,956,1684
496,561,562,524,559,602,525,526,595,563,596
497,2323,2322,2285,2368,2362,1753,2324,2360,2365,2326
498,2875,2834,2795,2845,2873,2876,2885,2838,2794,2828
499,1078,806,1613,1343,1043,1075,1389,2936,808,1120
500,1279,1316,973,478,1013,1277,1278,1312,1314,974
501,1009,1167,1131,1129,1047,1199,1236,1155,1082,1205
502,225,38,75,107,149,304,37,264,300,111
503,364,365,425,366,462,400,201,326,504,2995
504,380,489,492,341,491,1292,337,1329,412,494
505,2343,2420,2121,2158,2382,2421,2460,1702,787,751
506,1115,1118,1152,1368,1077,1114,1291,1113,1329,1075
507,1109,1147,1148,1079,1118,1146,1188,1421,2041,1150
508,836,464,481,833,1032,19,870,873,912,834
509,994,993,996,956,995,997,992,2370,955,1030
510,1153,1155,1025,2173,1413,1420,2171,1023,280,949
511,478,1128,1125,276,311,314,788,896,898,893
512,807,844,843,806,809,846,771,883,773,774
513,571,498,499,723,497,500,611,535,725,425
514,1011,1049,1013,1125,1163,1353,1427,1082,1313,1351
515,2360,2434,2395,2435,2441,2959,2244,2167,2169,2207
516,120,116,157,118,123,162,164,122,85,168
517,1011,752,1049,1083,2941,784,891,1013,1045,1125
518,642,646,3016,607,608,644,682,684,605,567
519,75,150,2933,342,414,415,416,71,107,112
520,578,612,577,614,616,539,613,651,572,575
521,1245,1130,1131,1282,1054,1073,2949,1092,1155,1037
522,271,230,231,235,273,842,142,155,536,574
523,168,163,3012,161,165,162,164,503,922,880
524,611,647,1218,2599,572,609,610,612,1065,2625
525,2996,1630,1633,1634,1631,1632,949,1668,1672,1706
526,1129,1128,2977,1091,785,786,1089,1130,783,816
527,1190,1229,1155,1150,1149,1188,1189,1230,2992,1226
528,187,189,226,303,2935,3016,301,151,185,188
529,1700,1738,1663,1776,1661,1054,1435,1625,1662,1130
530,162,48,130,19,92,132,134,52,366,369
531,1073,1315,1071,1076,1108,1114,1350,1311,1120,1047
532,1266,1228,1231,1268,2992,963,965,1195,1226,1227
533,478,438,400,401,403,475,476,437,505,402
534,1077,1078,1042,1043,1075,1109,2936,911,949,1291
535,1055,1097,1361,1064,1368,1099,1291,1120,1371,1057
536,880,384,468,506,171,172,503,879,2675,431
537,1090,202,203,1047,200,208,1128,199,1013,1125
538,878,875,913,951,952,953,2986,914,1181,915
539,765,384,2445,2367,347,271,387,879,2323,762
540,1282,1245,1055,1323,1247,1283,1284,1322,1360,1052
541,1597,1635,1865,1180,1181,2960,1636,1218,1674,1903
542,801,1028,991,1104,2130,875,1181,2206,989,992
543,2737,2953,2817,2830,2815,2662,2910,2911,3018,2818
544,1114,1112,1119,1120,1157,1080,1181,1071,1081,1090
545,75,147,225,111,144,150,76,339,110,151
546,2064,731,955,2105,925,2030,2269,1032,2102,956
547,237,172,238,210,312,275,201,239,276,199
548,2989,1592,1596,1632,1594,1593,1630,947,948,1288
549,2699,2836,2915,2663,2667,2668,2704,2705,2673,2714
550,258,366,404,602,121,123,133,364,365,401
551,1230,1229,1190,1226,1149,1188,1189,1194,1228,1150
552,682,684,806,603,643,642,646,2996,607,805
553,752,751,754,753,790,791,677,715,789,829
554,2009,1971,2008,1895,870,2363,2580,1933,1974,2620
555,1114,1152,1115,1151,1112,1116,1113,1120,1153,1076
556,1093,1739,788,1736,1776,2945,2339,1700,1738,2727
557,1208,1242,1203,1204,900,2932,1202,1238,1240,899
558,1495,1494,1497,3021,1764,1492,1723,1763,1761,1455
559,1055,1322,1360,1091,1011,1323,1049,1319,3004,1053
560,149,300,111,144,113,225,227,187,189,226
561,2863,2911,2920,2926,2919,2826,2813,2860,2866,2922
562,1075,1109,2936,1071,1110,1077,1078,1108,1644,1042
563,673,979,977,865,635,901,1014,938,671,1017
564,2678,2641,2602,2637,2639,2681,2593,2601,2939,2598
565,2937,38,22,20,17,26,15,24,32,36
566,189,228,151,188,300,769,113,148,225,227
567,1098,3014,1026,1063,1329,1330,1406,1442,1099,1064
568,2888,2926,2881,2924,2968,2845,2884,2886,2953,2922
569,1181,1141,1180,1142,1408,1143,1179,1218,1065,1104
570,2127,2165,2203,2545,1405,760,1783,2930,2086,2125
571,38,28,34,69,26,32,25,14,22,33
572,543,580,539,579,260,523,136,174,369,602
573,514,19,62,446,478,60,61,550,21,51
574,1304,1228,1034,1268,997,1032,1036,1226,1264,1266
575,2376,2607,2565,2605,2567,2606,2608,2566,2609,2648
576,798,1139,569,337,1173,529,567,719,1250,341
577,891,892,858,1160,1771,855,1124,1695,857,893
578,1140,1178,1099,797,1063,1097,1329,1406,1098,1138
579,801,687,763,800,803,839,764,837,876,840
580,1153,1155,1077,1150,1113,1154,1190,2257,1075,1112
581,1279,1316,1317,1354,1009,1312,1314,1276,1277,1278
582,1015,1053,1052,1050,1051,675,1128,1049,1013,1090
583,2675,2716,2717,2637,2678,2673,2674,2679,2714,2982
584,312,399,172,273,179,218,256,142,359,363
585,201,202,203,239,238,579,142,437,438,19
586,44,138,61,91,99,181,55,95,118,156
587,2679,2597,2939,2637,2639,2678,2681,2641,2559,2682
588,1017,3004,1052,2941,1353,1356,1093,1082,1391,1394
589,2890,2904,2910,2894,2895,2867,2872,2912,2915,2953
590,1175,1212,1250,796,1824,759,798,1823,1213,1516
591,1043,2256,949,950,1118,2218,2255,2294,2298,1025
592,837,876,725,687,875,954,723,839,762,686
593,2598,2485,2561,2523,2524,2687,2478,2648,2471,2513
594,790,791,751,754,756,753,715,789,792,681
595,1175,1212,1270,1266,1229,1139,1115,1174,1177,1216
596,1142,1103,1141,1144,1409,1104,1105,1143,1407,1408
597,2538,2575,2500,868,2533,944,2574,2576,2532,790
598,1338,1828,1878,1028,1977,2015,1774,1065,1104,2003
599,2197,1209,1550,1513,1171,2932,1553,1854,1855,2235
600,1277,1278,1245,1279,1316,1053,1015,1054,1243,975
601,682,684,643,949,642,2996,988,683,950,2930
602,1150,1144,1185,1190,1111,1145,1146,1149,1184,1188
603,1202,1238,1201,1203,1204,1125,1163,1196,1055,1240
604,1034,2366,2369,2371,2409,2662,1040,1032,2406,2450
605,1228,1191,1193,1195,1222,1226,1108,1146,1149,1189
606,36,38,74,114,2937,76,37,73,32,71
607,2207,2244,2205,951,2281,2167,1939,2243,2246,2322
608,2752,2792,2669,2711,2670,2751,2790,2791,2793,2830
609,913,840,763,990,803,839,647,765,801,764
610,61,85,622,88,92,157,556,51,191,192
611,1177,832,870,1139,836,874,1175,1212,1174,1216
612,800,774,802,808,2987,803,765,805,707,764
613,2885,2919,2847,2884,2886,2917,2926,2790,2791,2793
614,2646,2647,2685,2722,2485,2525,2566,2724,2645,2762
615,494,379,454,342,415,416,455,492,493,532
616,1003,1078,1039,1042,1309,2949,1005,1572,1083,1077
617,1235,1317,1354,1008,1202,1237,1238,1274,1007,1350
618,1187,1185,1224,1186,1192,1380,2178,1149,1184,1188
619,759,1062,1026,1063,2541,760,1025,1440,1744,1023
620,1335,1179,1332,1336,1293,1298,1066,1297,1334,1067
621,125,2567,2606,84,400,122,2568,2569,2607,124
622,1405,1367,1402,1062,2952,1024,1063,1329,1330,1406
623,2305,2991,2180,2181,1130,2416,1054,2345,885,923
624,682,988,643,949,607,684,2431,646,947,948
625,181,141,1247,140,38,1055,1245,2815,62,260
626,1159,1199,1431,1083,1124,1160,1427,1011,1201,1049
627,1253,1252,1214,1291,1250,1251,1254,222,646,1215
628,988,1025,985,950,1292,1062,1059,1061,1063,1097
629,1291,1077,1289,1292,1330,1326,1324,1325,949,1021
630,985,911,949,986,987,797,873,912,947,948
631,1668,1670,1671,1744,1672,1706,2956,1669,988,1405
632,1127,1279,1316,1013,1049,2967,1128,1083,1277,1278
633,1065,1104,1071,1142,1179,1103,1141,1027,1069,1108
634,558,595,786,862,670,703,523,827,172,672
635,478,475,201,202,203,239,271,437,200,208
636,1,53,58,98,44,50,56,57,59,99
637,1367,492,1025,1744,451,494,1668,1062,380,988
638,442,512,405,438,406,441,444,367,400,401
639,1077,1043,1078,1080,1045,1118,1341,1343,1022,1155
640,111,144,75,109,143,147,454,150,108,417
641,2698,2732,1024,2658,2696,986,987,2617,2619,2657
642,1329,1062,1063,1330,1098,1292,1367,1025,1023,1064
643,1245,940,3004,1283,1015,1280,1282,1246,1358,901
644,1321,1055,1092,1626,1663,1661,1283,1322,1360,981
645,2086,1868,2203,1720,1831,2051,2047,2163,1678,1679
646,1879,1881,1920,1613,1925,2000,1878,1918,1658,1916
647,1214,1253,1291,1252,1292,1175,1212,1328,1250,1251
648,1077,1022,2949,987,1023,1289,1328,2523,2524,2562
649,2943,1330,187,226,1292,1747,2048,1368,1253,2989
650,1112,1077,1078,1080,1114,1071,1110,1341,1343,1072
651,910,1253,1250,1251,1254,1288,1214,871,872,909
652,500,462,503,425,464,461,541,542,2958,502
653,796,1177,832,1899,759,795,797,798,1137,1026
654,330,259,295,258,298,332,293,331,333,370
655,1075,2936,1146,1150,1345,1153,1112,1190,1077,1108
656,664,559,630,666,701,517,596,595,733,702
657,1253,1214,1252,1593,1630,2943,1291,874,910,2989
658,824,2601,2727,2682,788,1424,1466,1994,787,1125
659,217,162,89,91,129,63,216,137,84,125
660,1255,675,1049,878,1299,711,1294,1391,1394,712
661,1048,1049,1011,1317,1354,1083,1047,1050,1051,1082
662,1048,1049,1011,1009,1312,1013,1045,973,1309,1279
663,1064,3038,1099,1291,1024,1063,1097,1098,1292,1367
664,155,153,156,193,572,609,610,117,192,647
665,1151,1153,1113,1154,1420,1111,1149,1152,1189,3007
666,1214,1291,1215,1252,950,1139,1292,874,1253,1289
667,239,843,2941,204,240,241,242,824,887,478
668,874,873,912,1215,909,1213,1252,2943,1214,1253
669,1064,1024,1063,1097,3038,1099,1291,1025,1098,1292
670,1082,1083,1120,1011,1086,1013,1045,1084,1085,1122
671,2952,1777,2081,1952,2997,1645,2085,884,1644,1873
672,947,948,909,945,1249,911,949,986,987,1627
673,951,993,953,989,992,2282,1030,1181,2244,875
674,133,172,174,365,367,201,238,139,177,368
675,683,645,682,684,643,680,719,642,646,988
676,3030,1252,2989,1251,1557,1596,1935,1937,1972,1976
677,1229,1685,1190,997,1268,1682,1496,1499,1150,1149
678,2762,2720,1377,2680,2636,2679,2635,2645,2681,1412
679,3014,1216,1175,1212,1100,1368,1250,1099,1329,1330
680,986,2048,988,1024,987,1291,1668,2050,379,1328
681,1026,3014,1175,1212,1216,1100,1368,1099,1363,1176
682,958,925,957,998,956,955,2992,918,960,999
683,2949,1075,2936,1077,1150,1398,1110,1033,1343,1072
684,1053,976,977,172,975,939,978,1277,1278,1015
685,2641,2678,2681,2680,2682,2683,2723,2759,2602,2637
686,847,813,817,886,887,850,854,891,924,843
687,1009,1282,1013,1082,1245,1391,1394,1120,1279,1316
688,754,830,1361,1247,1322,869,2932,1475,1513,1055
689,379,454,417,492,380,304,341,378,456,113
690,1823,1213,2201,2352,1177,1216,1558,1861,1862,2240
691,1250,1175,1212,1214,1216,1139,3014,1176,1213,1211
692,1139,1177,1140,1178,3014,1174,1214,1216,836,874
693,164,120,163,3012,125,84,136,137,123,60
694,407,443,409,406,441,442,446,523,408,514
695,2366,2369,2371,2405,2409,1037,2445,997,1032,2406
696,74,38,75,37,150,34,114,32,36,71
697,1657,1963,1697,2001,1656,1774,2004,1654,1695,1696
698,1246,3004,1322,1360,678,714,1018,1055,600,1092
699,401,162,164,440,437,438,163,328,362,402
700,749,784,172,247,314,387,752,789,365,367
701,1682,1686,1687,1724,1725,1726,2952,1405,1406,1442
702,1214,1368,1291,1329,1405,1406,1252,1292,1367,1482
703,1252,1251,3030,1291,1672,2013,2470,2956,1292,2124
704,975,937,1245,974,2740,901,938,939,940,936
705,997,959,996,1264,995,1225,2064,1034,1268,2329
706,2941,709,785,786,823,862,783,816,747,748
707,2603,2642,2682,2598,2600,2645,2681,2964,2559,2565
708,19,518,164,519,626,654,656,437,481,482
709,1130,1055,1394,1163,3004,1054,1360,1131,1020,1091
710,2170,2172,2210,2217,2254,2133,2171,2173,2219,2134
711,2124,679,2160,1021,2163,983,984,1022,2086,2930
712,1444,1747,1683,1329,1406,1442,1709,1743,1745,1746
713,378,263,265,380,75,107,301,340,341,37
714,100,60,21,31,34,35,68,74,72,138
715,38,11,34,2937,14,3019,24,32,36,107
716,642,646,607,682,684,603,643,3016,608,644
717,1071,1255,1445,963,989,992,1217,2244,1446,1031
718,578,612,496,533,534,614,536,539,574,990
719,864,900,2498,827,866,752,789,896,899,825
720,685,724,630,662,664,686,596,694,3023,649
721,38,34,74,24,32,107,16,37,73,108
722,1700,1433,1736,1776,2945,1398,1737,1434,1701,2947
723,3010,198,199,200,208,232,234,236,243,274
724,2434,801,2130,2512,2395,2959,875,2567,2606,838
725,1250,1252,1175,1212,1253,1251,797,988,1213,2943
726,1269,1308,1195,970,1237,1274,1304,1081,1228,1114
727,1028,1977,2015,991,1027,2053,2016,2017,1030,1524
728,1672,2013,2956,1709,1748,1785,1786,1822,1708,1783
729,80,79,116,118,77,117,130,156,91,129
730,2219,1685,2256,2260,2258,997,995,2067,2299,1923
731,798,2807,2847,341,342,2809,2850,2999,379,2735
732,2315,2316,2317,2354,1935,1937,1972,1976,2318,2353
733,1032,1001,917,539,963,578,956,1040,879,1002
734,1405,1367,1025,1402,1147,1148,1109,1062,1063,1329
735,1203,1204,1236,1202,1238,1240,1504,1166,1234,1242
736,1284,2832,1245,2753,2754,2755,2757,2793,2829,2830
737,2118,2178,1990,2217,2254,1950,2141,2180,2181,1949
738,829,754,753,830,827,866,792,864,1475,1513
739,571,497,535,611,496,533,534,457,536,574
740,2648,2684,2091,2609,1180,1369,1130,2383,2645,2649
741,51,62,19,23,44,17,26,15,38,25
742,1840,1037,1038,1838,1839,1882,1880,2188,1034,1845
743,263,265,75,107,301,340,264,342,111,144
744,669,739,744,1048,1049,1078,1009,1047,1050,1051
745,80,88,81,41,44,53,58,98,619,1
746,139,177,140,63,162,164,192,101,102,103
747,2447,2485,2567,2606,2608,2330,2368,2561,2990,2332
748,1017,1132,1056,1093,1053,1016,1054,1018,1055,754
749,796,1250,2659,2660,2943,2970,832,1821,1824,2619
750,1634,2996,949,1291,1668,1672,2956,1631,1632,1670
751,709,745,711,708,1043,1050,1017,780,807,937
752,1230,1190,1191,1193,1192,1229,1098,1153,1150,1424
753,1740,213,212,1701,2947,1777,1737,2941,1663,1702
754,647,687,800,685,763,3026,609,725,803,913
755,175,172,136,133,176,214,2973,282,319,212
756,2759,2680,2645,2681,2718,2682,2720,2723,2685,2722
757,1593,2943,608,644,874,1253,2989,1822,567,1254
758,2086,2469,1328,2470,2617,1251,1254,1290,1596,2467
759,1176,1213,1591,2352,1533,2201,2237,2579,1477,1971
760,71,75,107,109,112,145,149,301,1252,2943
761,2124,2930,2163,2469,3006,2470,2127,2165,2203,2429
762,331,400,1312,252,1313,1351,330,333,363,370
763,1298,1245,2533,1074,2532,2572,2962,2155,2356,2193
764,981,1361,1049,1126,3004,985,1024,1058,1323,1391
765,1668,1744,1634,1670,1671,1631,1632,1402,1782,1667
766,1230,1190,1192,1229,1150,1149,1188,1189,1194,1187
767,1160,1113,1124,2717,1155,882,1199,1414,1056,51
768,2347,1283,1360,2649,2650,2609,2648,716,981,1321
769,1831,1866,1794,955,1868,2019,2133,956,1914,2170
770,1903,1724,1725,1726,1460,2179,2216,2252,2254,1727
771,1367,1443,1176,1441,1478,1175,1212,1328,1099,1061
772,1051,2941,1125,1050,1389,1431,1735,2727,1351,1391
773,988,949,1025,950,1292,1024,1062,947,948,986
774,588,553,2961,517,555,551,552,590,592,615
775,2124,2088,2049,2930,1634,2086,2087,2163,2047,2089
776,120,122,85,116,125,60,84,118,162,164
777,2930,2469,3006,949,986,987,1668,2470,947,948
778,2206,2054,2167,839,878,913,1673,1711,1712,2016
779,1028,993,1030,1789,1790,2019,1939,2244,2169,2207
780,1213,1252,1214,1251,1215,1139,1140,1178,1482,3014
781,2220,2256,2260,1918,2000,2218,2219,2255,2298,1954
782,194,271,157,578,2965,603,3010,120,154,159
783,2716,2679,2758,2800,2982,2710,2760,2718,2753,2754
784,2244,951,1065,1104,1255,1032,955,1221,1027,1283
785,300,76,114,225,227,189,303,2935,71,75
786,1032,1070,1037,1033,1038,1001,1031,995,997,999
787,1111,1152,3007,1113,1147,1148,1109,1115,1150,1151
788,1100,1099,1026,1063,1097,1330,1405,1406,1442,1098
789,225,75,304,264,300,150,113,227,263,265
790,1011,1049,1322,982,1020,1055,1323,1361,1043,1633
791,1861,1140,1178,1823,1858,1899,1062,988,1059,1063
792,2769,2809,2810,2765,2806,2728,2767,2772,2557,2594
793,1028,1294,1218,1256,2016,2017,1217,1939,2207,951
794,2474,2570,2571,1015,2531,2437,2438,2488,2491,2533
795,1050,1343,1353,238,273,1110,239,1082,1313,1345
796,879,839,881,880,917,837,841,876,878,422
797,2013,2050,2010,2009,645,985,2011,2048,2052,2047
798,1251,1252,910,1253,3038,341,1250,1254,1290,1596
799,2167,2207,1939,1980,1978,1979,953,1943,2206,2244
800,2962,1537,1574,1578,1580,1541,1542,1576,1032,1269
801,1152,1113,1124,1158,1155,1115,1117,1151,1156,1361
802,1367,1062,1059,1063,1097,1329,1405,1098,488,1025
803,2491,2449,2450,2490,2375,2445,2455,2488,2527,2528
804,682,646,643,605,607,608,644,684,642,759
805,1315,1050,1051,1011,1048,1049,1045,1009,1353,740
806,755,1096,2083,791,756,1779,2121,717,758,1026
807,1125,245,249,283,209,248,1129,896,970,1205
808,2938,680,719,683,2721,645,757,2728,2847,720
809,1252,1214,1634,1632,1291,1672,2013,2956,1251,3030
810,1610,1075,1648,1649,2936,1567,1571,1608,1611,1644
811,949,1289,1022,1634,2048,1440,2431,2508,1326,1023
812,63,216,141,214,217,331,175,136,137,178
813,2447,2632,2672,2141,2368,2475,2635,2180,2181,230
814,2233,829,2234,2057,1981,2018,2155,2193,2206,2197
815,1032,1304,1039,1042,1265,1268,1071,1110,1228,1230
816,2869,2919,2625,2665,2667,2870,2910,2911,2920,2923
817,1192,1268,999,1149,1189,1230,2219,994,1267,1304
818,747,748,749,711,121,288,2941,287,783,712
819,1081,1049,1083,1120,1009,1117,1045,1079,1084,1085
820,955,1169,957,1199,1236,864,925,926,1206,959
821,1697,1049,1083,1695,1696,1011,1047,1389,1657,1658
822,682,684,643,683,607,603,680,949,642,646
823,988,2163,831,2124,1402,2047,2694,3001,983,984
824,462,382,425,464,345,423,384,422,421,343
825,911,949,2013,874,946,1253,950,2088,642,646
826,1110,1149,1189,1147,1148,1190,1226,1075,1109,1112
827,1032,1299,911,873,912,865,1040,1075,2727,2936
828,947,948,949,986,987,1627,1324,909,1630,984
829,633,672,705,706,595,824,709,786,823,862
830,2662,1027,1219,951,1255,1257,1193,1181,1217,1271
831,1946,2947,1777,2082,2084,2119,2162,2163,2083,2120
832,1018,3025,1049,1056,782,1055,751,777,935,1017
833,1104,1029,1069,2044,1067,1142,1105,991,1065,2130
834,646,569,607,608,644,682,605,567,603,643
835,1218,1180,1181,1219,1978,2131,1370,1369,1445,2055
836,1218,1180,1181,1141,1219,1903,1142,1256,1673,1712
837,1335,1336,2693,1011,2681,1621,673,709,1324,1625
838,2457,2940,2535,2536,560,2459,2496,2497,2534,2575
839,681,715,752,750,751,754,716,753,12,677
840,1895,1553,1592,1821,1824,2314,1819,1517,1857,1859
841,2790,2791,2793,2830,2749,2828,2831,2918,2835,2875
842,790,828,826,825,864,792,753,791,787,789
843,1668,1670,1671,986,987,1291,1672,1706,2956,1669
844,599,1245,597,636,3004,675,634,633,601,602
845,1979,1790,1939,1980,2018,2208,1830,1715,2247,1753
846,847,843,1115,883,887,886,1153,1155,881,885
847,1330,1292,1252,2943,1291,1215,988,1329,1250,1251
848,2986,841,878,840,915,838,712,875,914,954
849,1317,1354,1315,1353,1048,1049,1620,1621,1011,1276
850,1054,1168,2967,1271,1091,1167,1232,172,1239,1241
851,1776,1196,1125,1163,1167,1201,1160,1427,1130,1124
852,3008,829,2121,1816,751,754,2083,2159,2197,1323
853,2781,2663,2705,2707,2743,2744,2780,3018,2670,2700
854,519,654,656,61,86,88,92,592,48,49
855,1978,1028,951,953,991,2167,2207,1939,1980,989
856,1666,1667,1704,1705,1630,1325,1669,2996,1742,1291
857,1250,1139,1251,1101,1102,1215,909,1213,1252,1063
858,1289,1328,2616,646,947,948,2620,909,1326,1630
859,1055,1057,981,1361,1092,1323,1020,1024,1058,1059
860,869,908,1248,1286,1596,2970,832,871,872,907
861,2485,2567,2606,2523,2524,2562,2607,2525,2566,2600
862,1217,1256,1711,1218,1028,1294,1977,2015,1939,2960
863,537,611,536,574,535,572,575,576,609,610
864,1292,1291,988,1329,1330,1367,682,684,1253,3038
865,875,2054,913,1218,1978,2016,1180,1181,2129,2206
866,3001,1858,2239,2199,2201,1861,2240,2242,2163,2238
867,1630,3030,1632,2989,1634,949,1668,1672,2956,1593
868,1075,2936,1108,1071,1106,1146,1307,1343,1073,1345
869,172,207,210,364,237,171,244,238,213,245
870,2279,2240,2277,2278,2280,1821,1824,2239,2275,2276
871,3038,1405,1292,1367,1025,1253,1631,1250,1251,1290
872,565,608,644,605,567,603,640,642,646,3016
873,1114,1043,1112,1684,1685,1686,2952,1115,807,844
874,910,1250,986,988,871,872,909,2943,1025,985
875,1213,2943,1368,1216,1327,1330,1175,1212,1253,1289
876,2806,2810,2728,2767,2772,2769,2804,2731,2729,2730
877,414,109,147,451,494,529,2937,111,144,379
878,1112,1144,1343,1076,1114,1071,1106,1146,1073,1345
879,446,445,407,483,620,92,520,619,212,481
880,10,2937,14,54,9,32,36,38,16,17
881,886,843,957,880,619,883,887,846,881,229
882,2989,1593,1630,2048,1632,1897,1557,1592,1596,1935
883,259,178,217,139,177,293,330,213,215,216
884,485,526,487,488,790,791,525,624,662,449
885,1175,1212,1250,1213,1252,1139,1140,1178,3014,1214
886,798,1938,2279,1936,2316,1861,2240,2277,2278,2280
887,728,833,869,670,729,834,871,872,909,1037
888,1001,1346,1110,2219,1382,963,1078,1080,1384,1344
889,13,46,86,44,154,17,51,656,15,61
890,2318,719,1824,2273,2314,3030,988,1743,718,1823
891,620,346,520,1130,272,556,760,273,589,445
892,1063,798,760,1098,1140,1178,1367,1025,1062,1064
893,1800,1760,1761,1796,1797,993,1451,1488,1798,1799
894,75,150,114,225,36,38,71,112,304,37
895,529,341,454,528,489,494,521,526,456,568
896,842,881,803,839,765,841,879,840,2088,844
897,187,189,226,188,300,225,227,2957,184,303
898,824,823,859,892,822,894,883,887,817,856
899,2547,2586,2551,2587,2588,2548,2939,2589,2626,2550
900,1475,1513,2932,1260,830,1361,1245,1209,829,1055
901,118,116,153,115,120,122,117,162,164,192
902,784,820,1083,782,783,850,1049,819,821,891
903,1585,1583,1580,496,533,534,1586,1034,1848,1888
904,116,118,122,125,84,156,193,117,162,2966
905,832,907,870,1210,955,1172,836,908,1248,1286
906,1251,1252,1253,3038,1250,1254,1290,1214,910,1289
907,983,984,985,167,988,205,317,722,986,987
908,2947,1776,2945,1230,1682,1777,1739,1854,1190,1458
909,2911,2921,2968,2919,2867,2872,2888,2908,2953,2894
910,947,948,1934,1936,2316,2011,2048,2052,1632,1897
911,1282,1052,1245,1246,1358,1039,1042,1168,1017,1053
912,867,942,1016,979,941,2613,2650,901,938,939
913,133,364,365,172,170,212,363,206,213,249
914,2961,481,517,590,556,591,554,626,589,522
915,1150,1685,1686,1687,1724,1147,1148,1185,1190,1643
916,955,993,1030,951,953,991,994,1460,989,992
917,643,569,607,682,684,567,646,798,3016,988
918,981,1054,2613,982,1056,2650,754,676,753,677
919,537,536,574,499,542,498,535,572,575,576
920,414,415,416,378,379,454,342,417,418,452
921,1090,1089,1047,1050,1051,1082,1315,1391,1088,1343
922,233,235,155,161,232,234,3031,168,437,156
923,1112,712,884,1077,1114,843,1183,1090,1110,675
924,2845,2919,2847,2848,2849,2881,2883,2885,2968,2917
925,1405,1402,1364,1365,1367,1401,1406,1442,1363,1668
926,759,798,721,528,720,760,568,793,795,797
927,1220,1149,1189,1228,1157,1190,1226,1413,1150,1162
928,2909,2813,2737,2740,2814,972,2699,2853,534,783
929,1025,1062,988,1024,1026,1063,1330,1405,1292,1367
930,30,34,74,37,32,36,107,72,31,35
931,1196,2941,1697,824,1738,1695,1696,1744,822,1115
932,2188,2189,2113,1852,2149,2114,2115,2154,1809,2186
933,214,252,174,21,201,504,173,425,175,238
934,739,737,889,1011,1682,742,2952,806,1081,1645
935,1862,1900,1860,1824,1899,1823,1859,1482,3014,1936
936,11,30,34,74,6,16,37,73,24,32
937,1394,1092,1049,1077,1360,1054,1321,1358,1315,1391
938,1048,1049,1050,1051,1389,1083,1011,1736,741,744
939,1669,2996,1291,1668,1672,1706,2956,1253,1631,3038
940,1279,1316,2967,1277,1278,1239,1241,1312,1314,1009
941,240,241,242,237,239,271,309,310,473,159
942,529,2507,1744,589,2506,2542,2934,417,452,531
943,1330,1292,3038,1368,1291,988,1329,1405,1406,1367
944,2333,2372,2257,2295,967,2972,2291,2292,2294,2334
945,1608,1077,1119,1190,1606,1609,1075,1192,2936,2949
946,949,984,1022,950,988,1024,947,948,911,986
947,986,988,1252,342,1064,339,874,1251,3030,263
948,996,994,1147,1148,957,2293,2333,2372,995,1115
949,1190,1150,1149,1188,1189,2219,2947,1130,1226,1442
950,1077,1119,1081,2949,1154,1157,1075,1112,1116,2936
951,2359,2281,2319,2358,2283,2320,2321,2959,2322,2360
952,1205,970,1242,2967,934,1203,1204,900,1167,1239
953,2086,1668,2051,2047,1670,1671,2011,2052,1405,1367
954,1157,1156,1159,1196,1125,1163,1428,1121,1160,1427
955,2790,2791,2793,2830,2853,2925,2855,2894,11,30
956,1356,1621,1011,1390,1392,1050,1051,1357,1660,1352
957,734,735,1074,1112,1001,1002,1073,2949,813,840
958,1213,1823,1482,1556,1557,3030,1214,1216,1520,1861
959,957,956,955,951,958,1229,992,2246,1071,1230
960,1866,1636,1902,1600,1865,1901,2960,1863,1864,1597
961,1252,1214,1253,1251,1291,2996,1630,1633,2943,950
962,145,364,288,314,216,287,2710,259,225,327
963,1215,1174,1213,1934,1533,874,1173,1228,1897,1793
964,2994,1358,1055,1052,1397,2977,1243,1090,1125,1166
965,1668,2124,2930,1634,1670,1671,2011,2048,2052,2086
966,76,841,879,2765,877,303,802,11,30,263
967,2683,2759,2641,2793,2678,2681,2839,2714,2749,2758
968,1147,1148,1191,1186,1192,1383,1149,1188,1189,1187
969,1109,1147,1148,1188,1150,1075,1186,2936,1185,1190
970,840,801,837,876,838,811,813,880,841,878
971,1292,1329,1330,1291,1062,988,1024,1063,1098,1367
972,988,1292,2694,911,986,1291,2445,646,1329,1330
973,2088,949,2013,684,1634,2011,2052,2089,642,646
974,746,778,771,739,741,744,816,709,633,703
975,1634,1668,1672,2956,2996,1670,1671,1631,1632,949
976,1783,2051,1744,2090,2163,2011,2048,2052,2086,1062
977,2013,2930,1634,2011,2048,2052,1642,2047,2088,2469
978,1251,986,909,1252,874,910,1328,1290,987,1291
979,1557,3030,1824,1823,1520,1558,1861,1862,1900,1860
980,1130,1168,1169,790,828,1626,1738,1245,864,1625
981,1685,1991,2180,2181,1913,1952,2997,2971,1610,1879
982,798,529,605,492,569,607,608,644,682,566
983,1916,1965,1613,2000,1873,773,2221,1043,1075,2220
984,1037,1032,1840,2366,2369,2371,2409,768,1880,2326
985,1055,1053,3025,1019,1011,982,1020,1091,1049,1283
986,2163,2124,2128,2162,2508,2950,1683,2125,2507,1733
987,384,422,2978,343,382,381,420,347,421,305
988,172,168,437,134,163,169,206,3012,161,165
989,843,880,847,886,842,881,918,883,887,920
990,406,442,367,405,369,404,441,444,443,403
991,2616,2579,2620,2539,2694,3001,1858,2314,2619,2581
992,982,868,978,1248,1286,1247,1283,1322,905,942
993,44,48,49,2928,5,19,86,92,91,55
994,2048,2124,988,986,987,2050,2047,2694,1025,2163
995,1020,1055,172,1282,675,1015,3004,1019,1283,1360
996,1190,1149,1188,1189,1150,1186,1192,1226,1181,1111
997,1486,1522,1485,1255,1257,1524,1790,1445,1447,2960
998,2247,2023,2064,2246,2990,2061,2104,2248,2249,2251
999,1155,1683,1160,1771,1720,2075,1733,1734,1772,1150
1000,1824,3030,1823,1558,1861,1862,1975,2318,1821,1899
1001,913,763,875,609,647,801,837,876,533,840
1002,75,111,144,150,71,109,112,114,147,2933
1003,1028,2281,2244,1027,2243,2282,2016,2017,2283,2320
1004,1028,991,2207,1939,1980,2244,1522,2016,2017,1979
1005,831,494,759,798,453,1025,455,490,492,493
1006,1245,633,902,903,975,939,978,942,599,634
1007,830,829,2538,2963,1171,754,792,794,832,1209
1008,1032,2325,2362,2285,2408,2366,2369,2371,2407,2409
1009,1685,997,959,996,2219,994,1495,1534,1762,1763
1010,1028,951,1030,723,2322,2360,763,1031,725,953
1011,74,37,30,34,114,32,36,38,66,71
1012,842,1081,1114,1083,1120,1109,1112,2952,844,843
1013,1302,1460,1298,1228,1454,1262,1493,1763,1113,1147
1014,2639,2681,2603,2641,888,2682,826,2642,2680,890
1015,1783,1405,1668,1706,2464,1779,2469,1744,2090,2508
1016,422,463,425,3024,462,419,460,2978,3011,383
1017,172,1622,1849,1580,1581,1583,976,1276,1277,1278
1018,1449,1190,1224,1226,1450,1221,1413,1149,1188,1189
1019,1978,1939,1980,2016,2017,1979,2931,2054,2167,2207
1020,1629,2086,1631,1667,1668,1706,1669,2996,1401,1705
1021,353,350,351,352,388,322,313,317,354,358
1022,2124,988,2125,1025,2163,2950,682,983,984,985
1023,1738,1661,1699,1623,1131,1435,1625,1624,1660,1130
1024,2105,2061,2104,1031,2062,1037,2182,2229,2269,2063
1025,275,287,348,1007,3032,1279,1316,1317,1354,349
1026,1861,2659,2660,874,2735,567,796,1821,1824,1858
1027,1061,796,1099,3001,1413,836,910,1479,1136,1519
1028,1015,1050,1051,1048,1049,1088,1013,1128,1012,935
1029,3004,1359,1107,1357,1358,1105,1143,1397,1282,1280
1030,303,264,225,263,265,266,302,2935,301,304
1031,2881,2919,2769,2870,2920,2923,2969,2690,2845,2925
1032,340,263,265,339,264,342,301,378,337,106
1033,341,380,304,491,113,148,225,227,262,263
1034,2917,2847,2882,2885,2924,2926,2919,2841,2843,2845
1035,1062,1858,759,798,1063,1405,760,1367,1783,1861
1036,492,451,494,379,454,528,110,342,414,415
1037,2601,2598,2641,2560,2600,2689,2724,2478,2682,2604
1038,1283,1015,976,1246,831,869,978,1248,1286,1287
1039,679,718,2161,2166,2950,2762,680,681,719,721
1040,1209,1243,1246,898,1207,2994,901,1052,2932,1282
1041,2543,2544,2584,2579,2582,2618,2732,836,2616,1026
1042,1139,3014,1175,1212,1174,1214,1216,1140,1178,1176
1043,1916,1873,773,1043,2946,807,1918,810,1965,769
1044,3030,1634,1632,2989,1557,1596,2970,1672,2956,2996
1045,1245,1055,1091,1282,1054,1700,1092,1052,1090,1169
1046,485,805,843,806,842,846,733,887,668,704
1047,2551,2471,2598,2949,1145,1074,1107,1375,1641,2512
1048,1213,1216,1175,1212,1215,1139,3014,1174,1177,1214
1049,2252,1946,1950,2173,2118,1948,1952,2997,1906,2213
1050,1019,1057,982,3025,676,716,753,1095,713,677
1051,2838,710,2864,462,669,671,2839,2840,2894,162
1052,1181,952,953,958,991,1903,2131,989,992,1190
1053,909,1213,2968,2817,874,1289,1328,1897,2353,2989
1054,1706,1710,2011,2048,2052,2127,2165,2203,2545,1783
1055,1131,1738,1169,1361,1436,1245,1395,1741,1130,1091
1056,494,529,530,453,566,570,455,490,493,531
1057,1027,1028,761,2360,2244,1031,2359,951,991,1065
1058,675,206,134,238,2487,174,714,1055,172,201
1059,75,150,114,71,112,37,73,76,111,144
1060,1062,910,1254,1024,1061,759,1401,1025,871,872
1061,485,524,523,525,526,829,2538,564,830,2233
1062,10,259,174,9,38,181,214,12,111,144
1063,782,2269,2532,2233,781,896,1511,2270,2941,2343
1064,2361,1071,1106,1110,1331,2435,2437,2438,2439,2959
1065,934,896,898,970,1012,2941,900,1242,897,1128
1066,2503,949,2508,2506,2542,2934,2465,2468,2505,2545
1067,2244,2205,2359,951,953,2167,2207,2404,2959,2209
1068,210,237,1009,172,247,276,238,1126,1390,1392
1069,590,558,596,661,554,664,666,522,61,556
1070,1139,3014,1173,1175,1212,1174,1214,1216,1140,1178
1071,1991,1990,2067,2104,2106,2028,2068,2069,2105,2143
1072,1155,1163,1166,1228,1270,1160,1168,1083,1129,1190
1073,38,2937,32,36,75,111,144,150,1064,34
1074,2602,2603,2643,2642,2685,2722,2523,2524,2562,2687
1075,1155,1121,1160,1072,1073,2949,1118,1123,1086,1115
1076,30,34,74,2937,32,36,38,152,37,110
1077,950,1367,682,684,985,1364,1631,3038,1025,1021
1078,146,187,189,226,145,149,151,185,188,224
1079,1139,3014,1176,1478,1480,1250,1175,1212,1479,1174
1080,2751,2793,2795,3028,2875,2878,2822,2749,2752,2800
1081,798,492,569,607,491,146,183,580,187,226
1082,1130,1625,979,1016,1054,1011,1623,790,1014,1661
1083,1001,1037,1032,2366,2369,2371,2409,768,2326,2327
1084,172,133,978,259,213,327,210,977,237,275
1085,384,422,2978,382,1031,381,420,347,421,305
1086,1328,1251,1254,1290,1596,1288,2970,871,872,909
1087,1155,1735,1683,1695,1160,1163,1697,1733,1734,1772
1088,1115,1150,1156,1196,1153,1155,1113,1119,1147,1148
1089,1293,1298,1105,1031,1294,1295,1065,1104,1103,1217
1090,75,37,150,74,114,225,38,71,107,112
1091,1702,1625,1623,1661,1663,1776,1624,1660,2998,1627
1092,2835,2875,2878,2912,2915,2953,2790,2791,2793,2830
1093,913,1905,1371,2130,1942,875,1370,883,1181,1943
1094,683,645,682,367,400,401,404,580,718,402
1095,1634,949,1291,1668,1672,2956,2996,988,950,1292
1096,909,874,2616,2619,873,912,947,948,1215,2620
1097,1150,1228,1230,1147,1148,1190,1193,1226,1266,1229
1098,1405,1367,1482,1214,1025,1251,1021,1023,1064,1402
1099,74,37,150,34,114,32,38,71,75,107
1100,2967,1276,1239,1241,1202,1237,1238,1274,1125,1163
1101,2959,2243,2283,2320,2360,2547,2550,2244,2357,2359
1102,1115,1150,1153,1155,1113,1147,1148,1154,1190,1111
1103,32,66,1783,1744,35,68,1668,1706,2051,2937
1104,1118,1153,1115,1150,1075,1109,2936,1147,1148,1185
1105,1199,1197,1395,1201,1235,1049,1084,1085,1123,1161
1106,1228,1269,1070,1190,1193,1226,1037,1075,1165,1200
1107,2700,2666,2912,2915,2781,2782,2835,2701,2741,2742
1108,2128,2464,2506,2542,2934,1440,2081,2119,2161,2162
1109,1112,1071,1110,1077,1114,1113,1343,1075,1109,1116
1110,1668,1672,2956,1634,1670,1671,1706,2013,1669,2996
1111,1854,1815,1776,1169,1967,1167,1891,2947,1473,1587
1112,2105,1040,2299,2149,2219,2291,1001,2150,2151,2190
1113,2131,9,116,2169,10,80,688,79,614,2168
1114,647,609,3026,686,611,572,610,612,688,3023
1115,998,962,960,2370,2408,2412,2329,2366,2369,2371
1116,1163,1201,1160,1124,1157,1162,1199,1082,1391,1009
1117,172,239,237,136,478,204,240,241,242,362
1118,1596,187,226,2970,1593,1630,1594,1631,1632,2989
1119,1557,1821,1824,1823,1859,1938,1558,1861,1862,2240
1120,2731,682,950,2938,1329,2540,646,2729,2730,2502
1121,1054,1053,747,748,749,1093,1017,2081,1090,2001
1122,1522,1255,1218,1524,1256,1483,1484,1711,1486,1181
1123,1213,1175,1212,1216,1215,1250,1254,1139,3014,874
1124,2124,2047,1025,2163,2048,2086,1138,1292,759,1518
1125,300,379,113,225,227,263,265,189,303,149
1126,1667,1591,1705,1592,1596,1629,1553,2989,1668,1672
1127,2188,1037,2152,2189,2256,2260,1001,768,2000,2149
1128,2239,795,1823,1859,2201,2618,1861,1862,2240,2242
1129,1077,1075,1112,1116,2936,2949,1081,1118,1146,1080
1130,404,478,367,401,403,476,437,438,402,439
1131,81,44,88,41,45,49,130,2928,5,39
1132,1113,1147,1148,1154,1111,1149,1152,1189,3007,1150
1133,1075,2936,1153,1270,1306,1343,3035,1150,1071,1110
1134,764,762,601,671,728,763,498,575,576,725
1135,801,807,844,838,802,839,848,2522,845,2512
1136,400,362,210,2958,438,172,247,291,326,361
1137,378,2935,263,265,266,339,264,342,376,414
1138,829,751,754,792,1133,2197,2271,2310,564,753
1139,931,896,2415,932,934,1242,929,930,961,2373
1140,2845,2887,2714,2752,2847,2848,2849,2883,2885,2717
1141,683,682,684,603,643,680,642,646,2938,607
1142,247,288,291,3009,255,286,292,323,324,327
1143,1200,1216,1235,1175,1212,359,1128,358,1129,1195
1144,2219,1442,1995,1691,1994,1772,881,884,2180,2181
1145,2941,709,745,711,673,777,780,781,1082,1391
1146,1292,1253,1328,1402,1290,1291,1668,1672,1706,2956
1147,1026,1063,1097,796,1099,798,760,1098,1176,1062
1148,1452,1686,1687,1682,1147,1148,1185,1411,1643,1950
1149,1214,874,911,797,873,912,1215,909,1252,950
1150,1049,1394,1081,1048,1083,1119,1011,1155,2967,1162
1151,1291,1292,1252,1214,874,1253,1328,986,988,1329
1152,988,683,1292,1367,2124,2930,1025,2163,682,684
1153,1064,1024,1063,1022,1025,1021,1023,1101,1102,986
1154,1292,988,1063,1097,1329,1330,1406,1099,1291,1025
1155,1251,1290,2658,2696,1252,2659,2660,1328,2698,2735
1156,571,267,533,573,229,495,535,572,610,611
1157,1237,1274,1235,1269,1308,2967,1083,969,1086,1009
1158,225,263,265,75,304,340,378,264,300,342
1159,1668,988,1405,1292,1367,1783,1670,1671,2011,2048
1160,1691,1737,2945,2980,1124,1157,1158,1121,1160,1427
1161,2960,1940,1903,1978,1942,1901,1939,1941,2129,1866
1162,1253,3038,1291,1252,1292,1368,1251,1290,949,988
1163,1250,1254,2943,1175,1212,1253,1289,1328,1251,1290
1164,975,896,935,937,974,972,900,932,936,931
1165,1099,1063,1097,1329,1406,1442,1098,1444,1064,1100
1166,565,607,608,644,682,605,567,603,640,643
1167,708,742,778,746,743,709,740,777,780,1313
1168,671,707,709,710,633,708,636,121,777,747
1169,1292,1367,1025,985,1022,1364,1328,3038,1023,1402
1170,438,362,366,133,364,365,400,401,403,476
1171,707,1053,2720,2802,669,671,739,709,710,2718
1172,1072,1073,1071,1110,1078,1080,1114,312,1039,1041
1173,2366,2369,2371,2409,2326,2327,2364,3015,2446,2322
1174,1034,1268,1228,1230,1259,994,1260,1262,1267,1270
1175,1861,2240,1821,1858,1899,2239,795,1823,1859,1938
1176,1668,1706,988,1405,1666,1669,1292,1367,1783,1025
1177,1632,1668,1630,341,1634,1670,1671,379,528,1631
1178,797,835,836,832,798,834,757,1174,1177,1173
1179,798,831,1025,492,1214,1062,836,910,1175,1212
1180,851,847,2175,884,921,924,1149,1189,1949,885
1181,263,265,264,301,340,303,225,266,302,151
1182,28,34,69,32,38,25,22,72,35,68
1183,172,291,328,362,364,365,210,312,359,237
1184,949,984,1022,987,1249,982,988,947,948,945
1185,958,998,1228,960,965,925,1226,967,997,1302
1186,164,163,3012,165,162,738,120,154,124,166
1187,341,380,2847,379,2318,2772,2809,2844,378,2356
1188,981,906,1627,1019,1215,1285,260,641,982,1020
1189,874,910,1253,603,949,986,988,646,873,912
1190,2619,341,2620,909,1177,2659,2660,1101,1102,2694
1191,2124,1744,2163,2543,2544,1402,2047,1026,1063,1442
1192,1218,951,1255,1027,1181,1217,1256,1028,1219,953
1193,2295,2378,809,919,1118,2294,922,1115,1150,1153
1194,304,303,225,227,263,265,266,264,300,342
1195,1237,1274,1269,1308,2967,1235,1083,1276,1277,1278
1196,2728,2767,2679,2681,2545,2729,2730,2689,2768,2680
1197,1028,1977,2015,1218,1181,2960,2167,2207,951,952
1198,1809,1767,2113,1772,2149,1771,2114,1808,1810,2110
1199,2885,2828,2847,2882,2918,2850,2880,2884,2886,2887
1200,2890,2548,2625,2910,2894,2586,2843,2867,2872,2801
1201,2512,2433,2471,2511,2513,2472,2395,2475,2588,2510
1202,992,994,1188,1230,1031,1186,1229,1147,1148,1190
1203,1048,1049,1011,973,1279,1316,1317,1354,1050,1315
1204,1086,1013,1049,1083,1391,1050,1051,1088,2941,1045
1205,172,2941,1125,824,783,785,786,409,752,789
1206,2593,2597,2679,2681,2767,2557,2592,2594,2720,2515
1207,1246,2962,1245,2994,1282,1169,1283,1284,1206,1208
1208,482,520,1201,1203,1204,556,1163,445,481,517
1209,1854,1167,1190,1229,1205,828,1150,1504,1149,1188
1210,1037,992,1891,994,1000,1038,2104,998,1001,1031
1211,1115,1913,1952,2997,845,2256,847,1990,2030,2175
1212,1444,1744,1707,1098,1367,1708,1783,1063,1405,1406
1213,683,680,719,721,718,988,760,2938,645,682
1214,982,1035,1249,1340,379,1019,341,1036,1302,795
1215,263,265,303,264,147,225,266,302,2935,109
1216,1009,1082,213,1047,1083,175,215,1011,133,1049
1217,500,425,464,465,542,2958,462,1031,503,504
1218,302,187,226,107,145,301,340,185,224,264
1219,2619,2620,1820,2694,1249,1288,2659,2660,909,1895
1220,1125,1159,1431,1089,1124,1160,1427,1128,1122,1126
1221,1025,1100,1368,1173,1175,1212,1062,1177,1214,1216
1222,1009,1343,1077,1305,1112,1116,1269,1160,1072,1073
1223,2679,2597,2681,2720,2721,2638,2680,2716,2636,2939
1224,842,153,52,158,580,807,844,192,239,843
1225,1276,1239,1241,1202,1238,1240,970,1242,2967,1201
1226,1065,1104,1332,1039,1027,1029,1066,1078,1114,1331
1227,2941,1090,1125,783,1049,1128,747,748,749,785
1228,3030,1823,1557,1935,1937,1972,1976,2315,1520,1558
1229,118,156,116,155,656,79,120,154,80,153
1230,1445,1522,1028,1333,2132,2359,991,1255,1257,1332
1231,74,37,110,38,71,75,109,112,145,34
1232,75,301,2935,225,263,265,150,339,264,300
1233,1049,1011,806,1013,1045,741,1048,709,808,1083
1234,1408,1371,1409,1370,1407,1410,1446,2951,1220,1255
1235,1120,1051,1313,1351,1391,1394,1052,1090,1122,1125
1236,437,161,160,401,475,476,511,121,201,276
1237,187,226,34,262,302,2937,2957,184,14,189
1238,719,988,720,760,645,682,757,985,2048,1440
1239,907,908,1974,2944,873,912,604,831,871,872
1240,379,1251,1290,1557,1935,1937,1972,1976,3030,187
1241,2644,2682,2645,2681,2964,2565,2605,2643,2684,2604
1242,173,212,213,174,133,214,252,172,139,177
1243,951,953,989,992,952,991,954,2207,990,993
1244,2104,1001,2067,1795,997,1032,2102,1840,2107,2146
1245,312,422,275,424,206,350,539,579,174,3032
1246,2584,2622,451,494,1941,794,2583,2772,2543,2544
1247,224,148,262,302,2957,187,189,226,190,228
1248,460,459,497,3024,498,344,381,419,420,3011
1249,657,658,520,621,661,653,654,656,691,692
1250,1363,1026,760,1401,1783,1364,1744,1100,1402,1779
1251,1062,1098,1367,1063,796,1099,1025,1064,1101,1102
1252,1309,1071,1110,1146,3004,1108,1114,1298,1311,1308
1253,1043,1075,1112,2936,1115,1045,1079,1081,1118,1077
1254,116,79,120,122,85,124,80,125,153,84
1255,1109,1110,1111,1146,3007,1384,1113,1147,1148,1359
1256,422,343,382,497,764,3024,421,536,574,381
1257,2216,1376,1377,2543,2544,1416,1642,1374,1604,1682
1258,951,953,2244,955,1210,2207,991,1104,1817,3008
1259,1147,1148,1181,1183,1109,1186,1141,1185,1409,1180
1260,1205,2994,1125,1203,1204,1235,1128,1242,1243,2967
1261,1452,1679,3022,1681,1685,1686,1724,2172,2210,1683
1262,1246,2962,1282,2575,1250,1283,1284,1891,829,867
1263,2315,2313,2316,2317,2354,2352,2318,2353,2470,1251
1264,2009,341,2010,1557,1935,1937,1972,1974,1976,3030
1265,3016,608,644,1596,567,1668,1672,1706,2956,642
1266,807,844,2565,2602,2603,888,777,2604,2642,708
1267,2471,2512,2433,2511,2513,2598,2472,2601,2169,2395
1268,2127,2165,2203,3006,2391,2087,2090,2163,2166,2204
1269,2003,2421,2460,1682,2118,1773,1452,2041,2081,2420
1270,2724,2686,2687,2726,2684,2645,2560,2647,2685,2722
1271,1252,1291,1251,1290,1292,1253,3038,988,1024,1329
1272,590,592,518,554,550,553,556,443,522,2961
1273,1252,1289,2880,1251,1290,1215,1213,1326,2943,2847
1274,550,483,384,2978,212,443,463,343,382,424
1275,1017,1083,1018,1020,3004,1049,1093,1016,979,1160
1276,1459,1533,1075,2936,2949,1537,1574,1460,1071,1110
1277,37,74,114,225,189,303,38,71,75,112
1278,1130,1406,1442,1077,1420,1153,1079,1194,1421,1196
1279,1216,1175,1212,3014,1174,1177,1270,1264,1213,2943
1280,1147,1148,1188,1150,1183,1153,1109,1186,1375,1383
1281,1921,1956,1959,1961,1998,1962,1958,2946,1919,1881
1282,2261,2648,2219,2264,2298,2302,2607,2349,2565,2605
1283,1254,1023,414,417,452,682,684,985,1364,871
1284,2189,2227,2188,2228,2151,2190,2229,2149,2115,2184
1285,959,1270,1228,1230,1268,995,1299,997,1032,1269
1286,1783,1444,1744,451,1681,1063,1405,1406,1442,1743
1287,1599,1675,1676,1370,1638,1372,1408,1410,1446,1637
1288,1389,1083,1120,1049,1122,1159,1196,1009,1082,1351
1289,1205,1167,1208,1203,1204,1206,1242,2967,2994,1169
1290,1440,1150,1405,1442,1192,1147,1148,1154,1190,1100
1291,1155,1995,2076,1697,1733,1734,1772,1691,1994,2036
1292,2875,2878,2839,2670,2712,2751,2793,2795,2841,2873
1293,934,896,898,1205,862,864,897,861,1167,863
1294,105,2767,2769,29,71,75,109,112,683,2938
1295,3030,1213,1252,1824,874,873,912,1215,1823,2658
1296,162,132,134,161,19,163,439,3012,95,130
1297,1860,758,1026,1406,1442,1709,1822,1366,1400,1401